t_ms,frame,state,round,inner_r,outer_r,diff,signed_diff,signed_swapped,overlap_minimum,signed_cross,confidence,shrink_px_s,eta_ms,action
1788383242473,310,TRACKING,1,11.703,17.000,5.297,5.297,0,0,0,0.831,0.000,,
1788383242674,311,TRACKING,1,11.704,17.182,5.478,5.478,0,0,0,0.872,0.000,,
1788383242894,312,TRACKING,1,11.704,16.925,5.221,5.221,0,0,0,0.851,0.000,,
1788383243107,313,TRACKING,1,11.624,,,,0,0,0,0.824,0.000,,
1788383243325,314,CLICK_COOLDOWN,1,11.490,17.057,5.567,5.567,0,1,0,0.891,0.000,,Match detected during startup safety delay
1788383243539,315,CLICK_COOLDOWN,1,11.604,,,,0,1,0,0.862,0.000,,
1788383243760,316,CLICK_COOLDOWN,1,11.548,17.171,5.623,5.623,0,0,0,0.854,0.000,,
1788383243972,317,ROUND_COMPLETE,1,11.763,16.658,4.895,4.895,0,0,0,0.849,0.000,,
1788383244189,318,ROUND_COMPLETE,1,11.753,17.272,5.519,5.519,0,1,0,0.805,0.000,,
1788383244403,319,TRACKING,2,11.790,20.853,9.063,9.063,0,0,0,0.788,0.000,,
1788383244621,320,TRACKING,2,11.623,17.460,5.837,5.837,0,0,0,0.808,0.000,,
1788383244836,321,TRACKING,2,11.664,17.488,5.825,5.825,0,0,0,0.810,0.000,,
1788383245057,322,TRACKING,2,11.613,17.158,5.544,5.544,0,0,0,0.870,0.000,,
1788383245268,323,TRACKING,2,,,,,0,0,0,0.000,0.000,,
1788383245576,324,TRACKING,2,,,,,0,0,0,0.000,0.000,,
1788383245700,325,TRACKING,2,,,,,0,0,0,0.000,0.000,,
1788383245916,326,TRACKING,2,,,,,0,0,0,0.000,0.000,,
1788383246132,327,TRACKING,2,,,,,0,0,0,0.000,0.000,,
1788383246355,328,CLICK_COOLDOWN,2,19.478,25.681,6.204,6.204,0,1,0,0.627,0.000,,LED flash triggered
1788383246564,329,CLICK_COOLDOWN,2,19.259,30.420,11.161,11.161,0,0,0,0.814,0.000,,
1788383246781,330,CLICK_COOLDOWN,2,17.097,30.420,13.324,13.324,0,0,0,0.778,0.000,,
1788383246994,331,ROUND_COMPLETE,2,16.222,25.159,8.936,8.936,0,0,0,0.734,0.000,,
1788383247218,332,ROUND_COMPLETE,2,31.293,,,,0,0,0,0.856,0.000,,
1788383247429,333,TRACKING,3,22.189,30.420,8.231,8.231,0,0,0,0.780,0.000,,
1788383247650,334,TRACKING,3,22.189,30.420,8.231,8.231,0,0,0,0.782,0.000,,
1788383247860,335,TRACKING,3,23.471,,,,0,0,0,0.629,0.000,,
1788383248079,336,TRACKING,3,23.471,,,,0,0,0,0.669,0.000,,
1788383248293,337,TRACKING,3,16.603,30.420,13.817,13.817,0,0,0,0.814,0.000,,
1788383248515,338,TRACKING,3,22.312,,,,0,0,0,0.677,0.000,,
1788383248725,339,TRACKING,3,23.758,,,,0,0,0,0.670,0.000,,
1788383248942,340,TRACKING,3,23.579,,,,0,0,0,0.674,0.000,,
1788383249159,341,TRACKING,3,18.472,21.710,3.238,3.238,0,0,0,0.764,0.000,,
1788383249386,342,CLICK_COOLDOWN,3,18.472,34.471,15.998,15.998,0,1,0,0.714,0.000,,LED flash triggered
1788383249590,343,CLICK_COOLDOWN,3,17.881,,,,0,1,0,0.889,0.000,,
1788383249806,344,CLICK_COOLDOWN,3,30.140,,,,0,1,0,0.687,0.000,,
1788383250022,345,ROUND_COMPLETE,3,11.270,17.228,5.959,5.959,0,0,0,0.807,4.340,1373,
1788383250242,346,ROUND_COMPLETE,3,,,,,0,0,0,0.000,4.340,,
1788383250453,347,ROUND_COMPLETE,3,17.625,,,,0,0,0,0.838,4.340,,
1788383250672,348,ROUND_COMPLETE,3,,,,,0,0,0,0.000,4.340,,
1788383250884,349,ROUND_COMPLETE,3,19.092,,,,0,0,0,0.911,4.340,,
1788383251107,350,ROUND_COMPLETE,3,20.682,,,,0,0,0,0.745,4.340,,
1788383251317,351,ROUND_COMPLETE,3,18.569,,,,0,0,0,0.775,4.340,,
1788383251537,352,WAITING_FOR_TARGET,4,,,,,0,0,0,0.000,4.340,,
1788383251751,353,WAITING_FOR_TARGET,4,,,,,0,0,0,0.000,4.340,,
1788383251970,354,WAITING_FOR_TARGET,4,,,,,0,0,0,0.000,4.340,,
1788383252184,355,WAITING_FOR_TARGET,4,,,,,0,0,0,0.000,4.340,,
1788383252402,356,WAITING_FOR_TARGET,4,,,,,0,0,0,0.000,4.340,,
1788383252614,357,WAITING_FOR_TARGET,4,,,,,0,0,0,0.000,4.340,,
1788383252834,358,WAITING_FOR_TARGET,4,,,,,0,0,0,0.000,4.340,,
1788383253137,359,TRACKING,4,17.131,24.284,7.152,7.152,0,1,0,0.596,4.340,1648,
1788383253263,360,TRACKING,4,18.656,,,,0,0,0,0.594,0.000,,
1788383253481,361,TRACKING,4,,,,,0,0,0,0.000,0.000,,
1788383253695,362,TRACKING,4,25.042,,,,0,0,0,0.660,0.000,,
1788383253916,363,TRACKING,4,21.719,,,,0,0,0,0.812,0.000,,
1788383254127,364,TRACKING,4,,,,,0,0,0,0.000,0.000,,
1788383254349,365,TRACKING,4,21.860,,,,0,0,0,0.651,0.000,,
1788383254561,366,WAITING_FOR_TARGET,4,21.710,,,,0,0,0,0.806,0.000,,
1788383254781,367,WAITING_FOR_TARGET,4,21.099,,,,0,0,0,0.696,0.000,,
1788383254993,368,WAITING_FOR_TARGET,4,,,,,0,0,0,0.000,0.000,,
1788383255212,369,WAITING_FOR_TARGET,4,,,,,0,0,0,0.000,0.000,,
1788383255425,370,WAITING_FOR_TARGET,4,,,,,0,0,0,0.000,0.000,,
1788383255644,371,TRACKING,4,22.189,30.420,8.231,8.231,0,0,0,0.778,0.000,,
1788383255857,372,TRACKING,4,25.159,,,,0,0,0,0.796,0.000,,
1788383256077,373,TRACKING,4,16.736,,,,0,0,0,0.788,0.000,,
1788383256289,374,TRACKING,4,16.336,,,,0,0,0,0.836,0.000,,
1788383256508,375,TRACKING,4,16.522,,,,0,0,0,0.787,0.000,,
1788383256720,376,TRACKING,4,16.522,,,,0,0,0,0.788,0.000,,
1788383256938,377,TRACKING,4,16.371,,,,0,0,0,0.786,0.000,,
1788383257151,378,WAITING_FOR_TARGET,4,16.137,,,,0,0,0,0.839,0.000,,
1788383257374,379,WAITING_FOR_TARGET,4,16.116,,,,0,0,0,0.840,0.000,,
1788383257584,380,WAITING_FOR_TARGET,4,,,,,0,0,0,0.000,0.000,,
1788383257804,381,WAITING_FOR_TARGET,4,,,,,0,0,0,0.000,0.000,,
1788383258017,382,WAITING_FOR_TARGET,4,,,,,0,0,0,0.000,0.000,,
1788383258233,383,WAITING_FOR_TARGET,4,16.562,,,,0,0,0,0.788,0.000,,
1788383258450,384,WAITING_FOR_TARGET,4,16.279,,,,0,0,0,0.790,0.000,,
1788383258666,385,WAITING_FOR_TARGET,4,,,,,0,0,0,0.000,0.000,,
1788383258880,386,WAITING_FOR_TARGET,4,,,,,0,0,0,0.000,0.000,,
1788383259100,387,WAITING_FOR_TARGET,4,,,,,0,0,0,0.000,0.000,,
1788383259315,388,WAITING_FOR_TARGET,4,,,,,0,0,0,0.000,0.000,,
1788383259533,389,WAITING_FOR_TARGET,4,23.355,,,,0,0,0,0.815,0.000,,
1788383259745,390,TRACKING,4,20.976,30.999,10.023,10.023,0,0,0,0.789,0.000,,
1788383259965,391,TRACKING,4,31.850,,,,0,0,0,0.858,0.000,,
1788383260179,392,TRACKING,4,30.420,,,,0,0,0,0.885,0.000,,
1788383260396,393,TRACKING,4,,,,,0,0,0,0.000,0.000,,
1788383260610,394,TRACKING,4,,,,,0,0,0,0.000,0.000,,
1788383260832,395,TRACKING,4,20.067,25.159,5.091,5.091,0,0,0,0.718,0.000,,
1788383261044,396,TRACKING,4,22.115,,,,0,0,0,0.804,0.000,,
1788383261264,397,TRACKING,4,17.068,30.420,13.352,13.352,0,0,0,0.799,0.000,,
1788383261475,398,TRACKING,4,,,,,0,0,0,0.000,0.000,,
1788383261695,399,TRACKING,4,30.420,,,,0,0,0,0.885,0.000,,
1788383261909,400,TRACKING,4,20.126,31.293,11.167,11.167,0,0,0,0.773,0.000,,
1788383262127,401,TRACKING,4,,,,,0,0,0,0.000,0.000,,
1788383262342,402,TRACKING,4,19.962,30.916,10.954,10.954,0,0,0,0.760,0.000,,
1788383262562,403,TRACKING,4,17.511,,,,0,0,0,0.774,0.000,,
1788383262771,404,TRACKING,4,16.405,,,,0,0,0,0.790,0.000,,
1788383262989,405,TRACKING,4,16.382,30.117,13.736,13.736,0,0,0,0.695,0.000,,
1788383263300,406,TRACKING,4,16.644,,,,0,0,0,0.758,0.000,,
1788383263420,407,TRACKING,4,16.599,,,,0,0,0,0.829,0.000,,
1788383263639,408,TRACKING,4,,,,,0,0,0,0.000,0.000,,
1788383263851,409,TRACKING,4,,,,,0,0,0,0.000,0.000,,
1788383264070,410,TRACKING,4,,,,,0,0,0,0.000,0.000,,
1788383264286,411,TRACKING,4,,,,,0,0,0,0.000,0.000,,
1788383264502,412,WAITING_FOR_TARGET,4,,,,,0,0,0,0.000,0.000,,
1788383264717,413,WAITING_FOR_TARGET,4,16.941,,,,0,0,0,0.745,0.000,,
1788383264936,414,WAITING_FOR_TARGET,4,,,,,0,0,0,0.000,0.000,,
1788383265147,415,WAITING_FOR_TARGET,4,,,,,0,0,0,0.000,0.000,,
1788383265369,416,WAITING_FOR_TARGET,4,,,,,0,0,0,0.000,0.000,,
1788383265582,417,WAITING_FOR_TARGET,4,,,,,0,0,0,0.000,0.000,,
1788383265801,418,WAITING_FOR_TARGET,4,,,,,0,0,0,0.000,0.000,,
1788383266012,419,WAITING_FOR_TARGET,4,14.132,,,,0,0,0,0.653,0.000,,
1788383266235,420,WAITING_FOR_TARGET,4,21.710,,,,0,0,0,0.806,0.000,,
1788383266445,421,WAITING_FOR_TARGET,4,21.710,,,,0,0,0,0.806,0.000,,
